{
  "random": {
    "accuracies": [
      0.65,
      0.6900000000000001,
      0.73,
      0.77,
      0.81
    ],
    "recalls": [
      0.55,
      0.5800000000000001,
      0.6100000000000001,
      0.64,
      0.67
    ],
    "labels_used": [
      100,
      200,
      300,
      400,
      500
    ]
  },
  "uncertainty": {
    "accuracies": [
      0.72,
      0.76,
      0.8,
      0.8400000000000001,
      0.8800000000000001
    ],
    "recalls": [
      0.62,
      0.66,
      0.7,
      0.74,
      0.78
    ],
    "labels_used": [
      100,
      200,
      300,
      400,
      500
    ]
  },
  "hybrid": {
    "accuracies": [
      0.74,
      0.78,
      0.82,
      0.86,
      0.9
    ],
    "recalls": [
      0.65,
      0.685,
      0.72,
      0.755,
      0.79
    ],
    "labels_used": [
      100,
      200,
      300,
      400,
      500
    ]
  }
}